subclade	J.2	#4272CE
subclade	J.2.1	#58A2AC
subclade	J.2.2	#7DB877
subclade	J.2.3	#AEBD50
subclade	J.2.4	#D8AE3E
subclade	J.2.4.2	#E59638
subclade	J.2.5	#DB2823
subclade	K	#E67A32
subclade	B.1.2.1.1	#BDC3C6
subclade	E.1	#B9C0C3
subclade	F.1	#B6BCC0
subclade	G	#B3B9BD
subclade	G.1	#AFB5BA
subclade	G.1.1.1	#ACB2B7
subclade	G.1.1.2	#A8AEB3
subclade	G.1.3	#A5ABB0
subclade	G.2	#A2A8AD
subclade	G.2.1	#9FA4AA
subclade	G.2.2	#9BA1A7
subclade	G.3	#989DA4
subclade	J	#959AA1
subclade	J.1	#92969E
subclade	J.1.1	#8F939B
subclade	J.3	#8C9098
subclade	J.4	#898C95
